dim,ela_distr.skewness,ela_distr.kurtosis,ela_distr.number_of_peaks,ela_meta.lin_simple.adj_r2,ela_meta.lin_simple.intercept,ela_meta.lin_simple.coef.min,ela_meta.lin_simple.coef.max,ela_meta.lin_simple.coef.max_by_min,ela_meta.lin_w_interact.adj_r2,ela_meta.quad_simple.adj_r2,ela_meta.quad_simple.cond,ela_meta.quad_w_interact.adj_r2,fitness_distance.fd_correlation,fitness_distance.fd_cov,fitness_distance.distance_mean,fitness_distance.distance_std,fitness_distance.fitness_mean,fitness_distance.fitness_std,nbc.nn_nb.sd_ratio,nbc.nn_nb.mean_ratio,nbc.nn_nb.cor,nbc.dist_ratio.coeff_var,nbc.nb_fitness.cor,type
2,-0.19586016236520432,-1.4438365924147278,1,-0.004012735551514712,0.05379875513833792,-0.09786837758248526,-0.027511721234702347,-1582.1007489413778,-0.005910626510513994,-0.007465633158818097,1.0,-0.016248133310258872,-0.37532858497707355,-0.025775037631246344,1.023702341242281,0.3583263048745545,1.0256449030032828e-06,9.473889093469018e-07,0.1522490719055499,0.4797423946567789,0.06743579236128909,0.30806176855119466,-0.7053090393498133,min
3,-0.9552728837864173,-1.0768299990206256,1,-0.003904865767524468,0.03110841672183684,-0.09245891203444753,-0.008775016163504663,-591.569461915615,-0.007359142254920847,-0.007597046411506492,1.0,-0.0188826993257325,-0.23431887070525415,-0.020366633923564467,1.8995491111824723,0.5116448093053224,3.1942015459497574e-05,1.5783885895726332e-05,0.2986791254896015,0.6311245358137335,0.18113725328693928,0.24402470385331704,-0.6634716845780153,min
2,4.030261898563208,20.31388933679199,6,1.0,0.5293181286340789,0.029774831198686923,0.08852441542241253,564.9917394626373,1.0,1.0,inf,1.0,0.9589593726490289,0.0657125244547597,7.029886806116285,3.4730311157359144,0.11978653719660341,0.05158848851318849,0.7701840535106425,0.7513336795757098,0.6453489760864356,0.5450449388917454,-0.06861860749944926,max
3,7.347359899330964,87.63034502219266,7,1.0,0.6833220145733657,0.009107499649342097,0.06282439908602364,1500.7995284606125,1.0,1.0,inf,1.0,0.9499531084109478,0.08886685871591059,8.5968228732313,3.056745601056156,0.17745424365454834,0.08285887607804865,0.8548795080376717,0.8178479848928143,0.6712641083908799,0.3656350748382658,-0.11505347071060802,max
