"ela_distr.skewness","ela_meta.quad_simple.adj_r2","fitness_distance.fitness_std","ela_meta.lin_w_interact.adj_r2","nbc.nn_nb.sd_ratio","nbc.nb_fitness.cor","ela_meta.lin_simple.adj_r2","ela_meta.quad_w_interact.adj_r2"
-0.398966571857896,0.0511297367524316,0.175253740883466,0.00993257892463639,0.562870700095829,-0.662968171859775,0.00786839619561863,0.0509746477501998
-1.19978632628958,0.298772583528554,0.235862914954598,0.0519650121787658,0.568378505317692,-0.401669640294802,0.0495039710706077,0.333019170327363
-0.623518922211089,0.315492484530745,0.213884013440922,0.0709491321204353,0.567879805206873,-0.439323805905609,0.0493378148356887,0.347140093903828
-2.97470251936466,0.00690147164277732,0.375040060491301,0.030127163207712,0.407938525760643,-0.497450959760189,-0.0851304029117744,0.204838960335447
-2.97888504923321,0.0382257474120706,0.499130416079424,0.0543040774748977,0.418693673634278,-0.485578168524053,-0.0607681493760094,0.234325780843803
