"ela_distr.skewness","ela_meta.quad_simple.adj_r2","fitness_distance.fitness_std","ela_meta.lin_w_interact.adj_r2","nbc.nn_nb.sd_ratio","nbc.nb_fitness.cor","ela_meta.lin_simple.adj_r2","ela_meta.quad_w_interact.adj_r2","type"
-3.7123110155588,-0.00805153341350828,9.47388909346902e-07,-0.00604525379645815,0.141404864932275,-0.789024256634721,-0.00402414133402273,-0.0197052089453029,"min"
4.03026189856321,1,0.424728993839114,1,0.770184053510642,-0.0686186074994492,1,1,"max"
